fname,lname,userid,userpw
f001,l001,user001,passwd001
f002,l002,user002,passwd002
f003,l003,user003,passwd003
f004,l004,user004,passwd004
f005,l005,user005,passwd005
f006,l006,user006,passwd006
f007,l007,user007,passwd007
f008,l008,user008,passwd008
f009,l009,user009,passwd009
f010,l010,user010,passwd010
f011,l011,user011,passwd011
f012,l012,user012,passwd012
f013,l013,user013,passwd013
f014,l014,user014,passwd014
f015,l015,user015,passwd015
f016,l016,user016,passwd016
f017,l017,user017,passwd017
f018,l018,user018,passwd018
f019,l019,user019,passwd019
f020,l020,user020,passwd020
f021,l021,user021,passwd021
f022,l022,user022,passwd022
f023,l023,user023,passwd023
f024,l024,user024,passwd024
f025,l025,user025,passwd025
f026,l026,user026,passwd026
f027,l027,user027,passwd027
f028,l028,user028,passwd028
f029,l029,user029,passwd029
f030,l030,user030,passwd030
f031,l031,user031,passwd031
f032,l032,user032,passwd032
f033,l033,user033,passwd033
f034,l034,user034,passwd034
f035,l035,user035,passwd035
f036,l036,user036,passwd036
f037,l037,user037,passwd037
f038,l038,user038,passwd038
f039,l039,user039,passwd039
f040,l040,user040,passwd040
f041,l041,user041,passwd041
f042,l042,user042,passwd042
f043,l043,user043,passwd043
f044,l044,user044,passwd044
f045,l045,user045,passwd045
f046,l046,user046,passwd046
f047,l047,user047,passwd047
f048,l048,user048,passwd048
f049,l049,user049,passwd049
f050,l050,user050,passwd050
f051,l051,user051,passwd051
f052,l052,user052,passwd052
f053,l053,user053,passwd053
f054,l054,user054,passwd054
f055,l055,user055,passwd055
f056,l056,user056,passwd056
f057,l057,user057,passwd057
f058,l058,user058,passwd058
f059,l059,user059,passwd059
f060,l060,user060,passwd060
f061,l061,user061,passwd061
f062,l062,user062,passwd062
f063,l063,user063,passwd063
f064,l064,user064,passwd064
f065,l065,user065,passwd065
f066,l066,user066,passwd066
f067,l067,user067,passwd067
f068,l068,user068,passwd068
f069,l069,user069,passwd069
f070,l070,user070,passwd070
f071,l071,user071,passwd071
f072,l072,user072,passwd072
f073,l073,user073,passwd073
f074,l074,user074,passwd074
f075,l075,user075,passwd075
f076,l076,user076,passwd076
f077,l077,user077,passwd077
f078,l078,user078,passwd078
f079,l079,user079,passwd079
f080,l080,user080,passwd080
f081,l081,user081,passwd081
f082,l082,user082,passwd082
f083,l083,user083,passwd083
f084,l084,user084,passwd084
f085,l085,user085,passwd085
f086,l086,user086,passwd086
f087,l087,user087,passwd087
f088,l088,user088,passwd088
f089,l089,user089,passwd089
f090,l090,user090,passwd090
f091,l091,user091,passwd091
f092,l092,user092,passwd092
f093,l093,user093,passwd093
f094,l094,user094,passwd094
f095,l095,user095,passwd095
f096,l096,user096,passwd096
f097,l097,user097,passwd097
f098,l098,user098,passwd098
f099,l099,user099,passwd099
f100,l100,user100,passwd100
f101,l101,user101,passwd101
f102,l102,user102,passwd102
f103,l103,user103,passwd103
f104,l104,user104,passwd104
f105,l105,user105,passwd105
f106,l106,user106,passwd106
f107,l107,user107,passwd107
f108,l108,user108,passwd108
f109,l109,user109,passwd109
f110,l110,user110,passwd110
f111,l111,user111,passwd111
f112,l112,user112,passwd112
f113,l113,user113,passwd113
f114,l114,user114,passwd114
f115,l115,user115,passwd115
f116,l116,user116,passwd116
f117,l117,user117,passwd117
f118,l118,user118,passwd118
f119,l119,user119,passwd119
f120,l120,user120,passwd120
f121,l121,user121,passwd121
f122,l122,user122,passwd122
f123,l123,user123,passwd123
f124,l124,user124,passwd124
f125,l125,user125,passwd125
f126,l126,user126,passwd126
f127,l127,user127,passwd127
f128,l128,user128,passwd128
f129,l129,user129,passwd129
f130,l130,user130,passwd130
f131,l131,user131,passwd131
f132,l132,user132,passwd132
f133,l133,user133,passwd133
f134,l134,user134,passwd134
f135,l135,user135,passwd135
f136,l136,user136,passwd136
f137,l137,user137,passwd137
f138,l138,user138,passwd138
f139,l139,user139,passwd139
f140,l140,user140,passwd140
f141,l141,user141,passwd141
f142,l142,user142,passwd142
f143,l143,user143,passwd143
f144,l144,user144,passwd144
f145,l145,user145,passwd145
f146,l146,user146,passwd146
f147,l147,user147,passwd147
f148,l148,user148,passwd148
f149,l149,user149,passwd149
f150,l150,user150,passwd150
f151,l151,user151,passwd151
f152,l152,user152,passwd152
f153,l153,user153,passwd153
f154,l154,user154,passwd154
f155,l155,user155,passwd155
f156,l156,user156,passwd156
f157,l157,user157,passwd157
f158,l158,user158,passwd158
f159,l159,user159,passwd159
f160,l160,user160,passwd160
f161,l161,user161,passwd161
f162,l162,user162,passwd162
f163,l163,user163,passwd163
f164,l164,user164,passwd164
f165,l165,user165,passwd165
f166,l166,user166,passwd166
f167,l167,user167,passwd167
f168,l168,user168,passwd168
f169,l169,user169,passwd169
f170,l170,user170,passwd170
f171,l171,user171,passwd171
f172,l172,user172,passwd172
f173,l173,user173,passwd173
f174,l174,user174,passwd174
f175,l175,user175,passwd175
f176,l176,user176,passwd176
f177,l177,user177,passwd177
f178,l178,user178,passwd178
f179,l179,user179,passwd179
f180,l180,user180,passwd180
f181,l181,user181,passwd181
f182,l182,user182,passwd182
f183,l183,user183,passwd183
f184,l184,user184,passwd184
f185,l185,user185,passwd185
f186,l186,user186,passwd186
f187,l187,user187,passwd187
f188,l188,user188,passwd188
f189,l189,user189,passwd189
f190,l190,user190,passwd190
f191,l191,user191,passwd191
f192,l192,user192,passwd192
f193,l193,user193,passwd193
f194,l194,user194,passwd194
f195,l195,user195,passwd195
f196,l196,user196,passwd196
f197,l197,user197,passwd197
f198,l198,user198,passwd198
f199,l199,user199,passwd199
f200,l200,user200,passwd200
f201,l201,user201,passwd201
f202,l202,user202,passwd202
f203,l203,user203,passwd203
f204,l204,user204,passwd204
f205,l205,user205,passwd205
f206,l206,user206,passwd206
f207,l207,user207,passwd207
f208,l208,user208,passwd208
f209,l209,user209,passwd209
f210,l210,user210,passwd210
f211,l211,user211,passwd211
f212,l212,user212,passwd212
f213,l213,user213,passwd213
f214,l214,user214,passwd214
f215,l215,user215,passwd215
f216,l216,user216,passwd216
f217,l217,user217,passwd217
f218,l218,user218,passwd218
f219,l219,user219,passwd219
f220,l220,user220,passwd220
f221,l221,user221,passwd221
f222,l222,user222,passwd222
f223,l223,user223,passwd223
f224,l224,user224,passwd224
f225,l225,user225,passwd225
f226,l226,user226,passwd226
f227,l227,user227,passwd227
f228,l228,user228,passwd228
f229,l229,user229,passwd229
f230,l230,user230,passwd230
f231,l231,user231,passwd231
f232,l232,user232,passwd232
f233,l233,user233,passwd233
f234,l234,user234,passwd234
f235,l235,user235,passwd235
f236,l236,user236,passwd236
f237,l237,user237,passwd237
f238,l238,user238,passwd238
f239,l239,user239,passwd239
f240,l240,user240,passwd240
f241,l241,user241,passwd241
f242,l242,user242,passwd242
f243,l243,user243,passwd243
f244,l244,user244,passwd244
f245,l245,user245,passwd245
f246,l246,user246,passwd246
f247,l247,user247,passwd247
f248,l248,user248,passwd248
f249,l249,user249,passwd249
f250,l250,user250,passwd250
f251,l251,user251,passwd251
f252,l252,user252,passwd252
f253,l253,user253,passwd253
f254,l254,user254,passwd254
f255,l255,user255,passwd255
f256,l256,user256,passwd256
f257,l257,user257,passwd257
f258,l258,user258,passwd258
f259,l259,user259,passwd259
f260,l260,user260,passwd260
f261,l261,user261,passwd261
f262,l262,user262,passwd262
f263,l263,user263,passwd263
f264,l264,user264,passwd264
f265,l265,user265,passwd265
f266,l266,user266,passwd266
f267,l267,user267,passwd267
f268,l268,user268,passwd268
f269,l269,user269,passwd269
f270,l270,user270,passwd270
f271,l271,user271,passwd271
f272,l272,user272,passwd272
f273,l273,user273,passwd273
f274,l274,user274,passwd274
f275,l275,user275,passwd275
f276,l276,user276,passwd276
f277,l277,user277,passwd277
f278,l278,user278,passwd278
f279,l279,user279,passwd279
f280,l280,user280,passwd280
f281,l281,user281,passwd281
f282,l282,user282,passwd282
f283,l283,user283,passwd283
f284,l284,user284,passwd284
f285,l285,user285,passwd285
f286,l286,user286,passwd286
f287,l287,user287,passwd287
f288,l288,user288,passwd288
f289,l289,user289,passwd289
f290,l290,user290,passwd290
f291,l291,user291,passwd291
f292,l292,user292,passwd292
f293,l293,user293,passwd293
f294,l294,user294,passwd294
f295,l295,user295,passwd295
f296,l296,user296,passwd296
f297,l297,user297,passwd297
f298,l298,user298,passwd298
f299,l299,user299,passwd299
f300,l300,user300,passwd300
f301,l301,user301,passwd301
f302,l302,user302,passwd302
f303,l303,user303,passwd303
f304,l304,user304,passwd304
f305,l305,user305,passwd305
f306,l306,user306,passwd306
f307,l307,user307,passwd307
f308,l308,user308,passwd308
f309,l309,user309,passwd309
f310,l310,user310,passwd310
f311,l311,user311,passwd311
f312,l312,user312,passwd312
f313,l313,user313,passwd313
f314,l314,user314,passwd314
f315,l315,user315,passwd315
f316,l316,user316,passwd316
f317,l317,user317,passwd317
f318,l318,user318,passwd318
f319,l319,user319,passwd319
f320,l320,user320,passwd320
f321,l321,user321,passwd321
f322,l322,user322,passwd322
f323,l323,user323,passwd323
f324,l324,user324,passwd324
f325,l325,user325,passwd325
f326,l326,user326,passwd326
f327,l327,user327,passwd327
f328,l328,user328,passwd328
f329,l329,user329,passwd329
f330,l330,user330,passwd330
f331,l331,user331,passwd331
f332,l332,user332,passwd332
f333,l333,user333,passwd333
f334,l334,user334,passwd334
f335,l335,user335,passwd335
f336,l336,user336,passwd336
f337,l337,user337,passwd337
f338,l338,user338,passwd338
f339,l339,user339,passwd339
f340,l340,user340,passwd340
f341,l341,user341,passwd341
f342,l342,user342,passwd342
f343,l343,user343,passwd343
f344,l344,user344,passwd344
f345,l345,user345,passwd345
f346,l346,user346,passwd346
f347,l347,user347,passwd347
f348,l348,user348,passwd348
f349,l349,user349,passwd349
f350,l350,user350,passwd350
f351,l351,user351,passwd351
f352,l352,user352,passwd352
f353,l353,user353,passwd353
f354,l354,user354,passwd354
f355,l355,user355,passwd355
f356,l356,user356,passwd356
f357,l357,user357,passwd357
f358,l358,user358,passwd358
f359,l359,user359,passwd359
f360,l360,user360,passwd360
f361,l361,user361,passwd361
f362,l362,user362,passwd362
f363,l363,user363,passwd363
f364,l364,user364,passwd364
f365,l365,user365,passwd365
f366,l366,user366,passwd366
f367,l367,user367,passwd367
f368,l368,user368,passwd368
f369,l369,user369,passwd369
f370,l370,user370,passwd370
f371,l371,user371,passwd371
f372,l372,user372,passwd372
f373,l373,user373,passwd373
f374,l374,user374,passwd374
f375,l375,user375,passwd375
f376,l376,user376,passwd376
f377,l377,user377,passwd377
f378,l378,user378,passwd378
f379,l379,user379,passwd379
f380,l380,user380,passwd380
f381,l381,user381,passwd381
f382,l382,user382,passwd382
f383,l383,user383,passwd383
f384,l384,user384,passwd384
f385,l385,user385,passwd385
f386,l386,user386,passwd386
f387,l387,user387,passwd387
f388,l388,user388,passwd388
f389,l389,user389,passwd389
f390,l390,user390,passwd390
f391,l391,user391,passwd391
f392,l392,user392,passwd392
f393,l393,user393,passwd393
f394,l394,user394,passwd394
f395,l395,user395,passwd395
f396,l396,user396,passwd396
f397,l397,user397,passwd397
f398,l398,user398,passwd398
f399,l399,user399,passwd399
f400,l400,user400,passwd400
f401,l401,user401,passwd401
f402,l402,user402,passwd402
f403,l403,user403,passwd403
f404,l404,user404,passwd404
f405,l405,user405,passwd405
f406,l406,user406,passwd406
f407,l407,user407,passwd407
f408,l408,user408,passwd408
f409,l409,user409,passwd409
f410,l410,user410,passwd410
f411,l411,user411,passwd411
f412,l412,user412,passwd412
f413,l413,user413,passwd413
f414,l414,user414,passwd414
f415,l415,user415,passwd415
f416,l416,user416,passwd416
f417,l417,user417,passwd417
f418,l418,user418,passwd418
f419,l419,user419,passwd419
f420,l420,user420,passwd420
f421,l421,user421,passwd421
f422,l422,user422,passwd422
f423,l423,user423,passwd423
f424,l424,user424,passwd424
f425,l425,user425,passwd425
f426,l426,user426,passwd426
f427,l427,user427,passwd427
f428,l428,user428,passwd428
f429,l429,user429,passwd429
f430,l430,user430,passwd430
f431,l431,user431,passwd431
f432,l432,user432,passwd432
f433,l433,user433,passwd433
f434,l434,user434,passwd434
f435,l435,user435,passwd435
f436,l436,user436,passwd436
f437,l437,user437,passwd437
f438,l438,user438,passwd438
f439,l439,user439,passwd439
f440,l440,user440,passwd440
f441,l441,user441,passwd441
f442,l442,user442,passwd442
f443,l443,user443,passwd443
f444,l444,user444,passwd444
f445,l445,user445,passwd445
f446,l446,user446,passwd446
f447,l447,user447,passwd447
f448,l448,user448,passwd448
f449,l449,user449,passwd449
f450,l450,user450,passwd450
f451,l451,user451,passwd451
f452,l452,user452,passwd452
f453,l453,user453,passwd453
f454,l454,user454,passwd454
f455,l455,user455,passwd455
f456,l456,user456,passwd456
f457,l457,user457,passwd457
f458,l458,user458,passwd458
f459,l459,user459,passwd459
f460,l460,user460,passwd460
f461,l461,user461,passwd461
f462,l462,user462,passwd462
f463,l463,user463,passwd463
f464,l464,user464,passwd464
f465,l465,user465,passwd465
f466,l466,user466,passwd466
f467,l467,user467,passwd467
f468,l468,user468,passwd468
f469,l469,user469,passwd469
f470,l470,user470,passwd470
f471,l471,user471,passwd471
f472,l472,user472,passwd472
f473,l473,user473,passwd473
f474,l474,user474,passwd474
f475,l475,user475,passwd475
f476,l476,user476,passwd476
f477,l477,user477,passwd477
f478,l478,user478,passwd478
f479,l479,user479,passwd479
f480,l480,user480,passwd480
f481,l481,user481,passwd481
f482,l482,user482,passwd482
f483,l483,user483,passwd483
f484,l484,user484,passwd484
f485,l485,user485,passwd485
f486,l486,user486,passwd486
f487,l487,user487,passwd487
f488,l488,user488,passwd488
f489,l489,user489,passwd489
f490,l490,user490,passwd490
f491,l491,user491,passwd491
f492,l492,user492,passwd492
f493,l493,user493,passwd493
f494,l494,user494,passwd494
f495,l495,user495,passwd495
f496,l496,user496,passwd496
f497,l497,user497,passwd497
f498,l498,user498,passwd498
f499,l499,user499,passwd499
f500,l500,user500,passwd500
f501,l501,user501,passwd501
f502,l502,user502,passwd502
f503,l503,user503,passwd503
f504,l504,user504,passwd504
f505,l505,user505,passwd505
f506,l506,user506,passwd506
f507,l507,user507,passwd507
f508,l508,user508,passwd508
f509,l509,user509,passwd509
f510,l510,user510,passwd510
f511,l511,user511,passwd511
f512,l512,user512,passwd512
f513,l513,user513,passwd513
f514,l514,user514,passwd514
f515,l515,user515,passwd515
f516,l516,user516,passwd516
f517,l517,user517,passwd517
f518,l518,user518,passwd518
f519,l519,user519,passwd519
f520,l520,user520,passwd520
f521,l521,user521,passwd521
f522,l522,user522,passwd522
f523,l523,user523,passwd523
f524,l524,user524,passwd524
f525,l525,user525,passwd525
f526,l526,user526,passwd526
f527,l527,user527,passwd527
f528,l528,user528,passwd528
f529,l529,user529,passwd529
f530,l530,user530,passwd530
f531,l531,user531,passwd531
f532,l532,user532,passwd532
f533,l533,user533,passwd533
f534,l534,user534,passwd534
f535,l535,user535,passwd535
f536,l536,user536,passwd536
f537,l537,user537,passwd537
f538,l538,user538,passwd538
f539,l539,user539,passwd539
f540,l540,user540,passwd540
f541,l541,user541,passwd541
f542,l542,user542,passwd542
f543,l543,user543,passwd543
f544,l544,user544,passwd544
f545,l545,user545,passwd545
f546,l546,user546,passwd546
f547,l547,user547,passwd547
f548,l548,user548,passwd548
f549,l549,user549,passwd549
f550,l550,user550,passwd550
f551,l551,user551,passwd551
f552,l552,user552,passwd552
f553,l553,user553,passwd553
f554,l554,user554,passwd554
f555,l555,user555,passwd555
f556,l556,user556,passwd556
f557,l557,user557,passwd557
f558,l558,user558,passwd558
f559,l559,user559,passwd559
f560,l560,user560,passwd560
f561,l561,user561,passwd561
f562,l562,user562,passwd562
f563,l563,user563,passwd563
f564,l564,user564,passwd564
f565,l565,user565,passwd565
f566,l566,user566,passwd566
f567,l567,user567,passwd567
f568,l568,user568,passwd568
f569,l569,user569,passwd569
f570,l570,user570,passwd570
f571,l571,user571,passwd571
f572,l572,user572,passwd572
f573,l573,user573,passwd573
f574,l574,user574,passwd574
f575,l575,user575,passwd575
f576,l576,user576,passwd576
f577,l577,user577,passwd577
f578,l578,user578,passwd578
f579,l579,user579,passwd579
f580,l580,user580,passwd580
f581,l581,user581,passwd581
f582,l582,user582,passwd582
f583,l583,user583,passwd583
f584,l584,user584,passwd584
f585,l585,user585,passwd585
f586,l586,user586,passwd586
f587,l587,user587,passwd587
f588,l588,user588,passwd588
f589,l589,user589,passwd589
f590,l590,user590,passwd590
f591,l591,user591,passwd591
f592,l592,user592,passwd592
f593,l593,user593,passwd593
f594,l594,user594,passwd594
f595,l595,user595,passwd595
f596,l596,user596,passwd596
f597,l597,user597,passwd597
f598,l598,user598,passwd598
f599,l599,user599,passwd599
f600,l600,user600,passwd600
f601,l601,user601,passwd601
f602,l602,user602,passwd602
f603,l603,user603,passwd603
f604,l604,user604,passwd604
f605,l605,user605,passwd605
f606,l606,user606,passwd606
f607,l607,user607,passwd607
f608,l608,user608,passwd608
f609,l609,user609,passwd609
f610,l610,user610,passwd610
f611,l611,user611,passwd611
f612,l612,user612,passwd612
f613,l613,user613,passwd613
f614,l614,user614,passwd614
f615,l615,user615,passwd615
f616,l616,user616,passwd616
f617,l617,user617,passwd617
f618,l618,user618,passwd618
f619,l619,user619,passwd619
f620,l620,user620,passwd620
f621,l621,user621,passwd621
f622,l622,user622,passwd622
f623,l623,user623,passwd623
f624,l624,user624,passwd624
f625,l625,user625,passwd625
f626,l626,user626,passwd626
f627,l627,user627,passwd627
f628,l628,user628,passwd628
f629,l629,user629,passwd629
f630,l630,user630,passwd630
f631,l631,user631,passwd631
f632,l632,user632,passwd632
f633,l633,user633,passwd633
f634,l634,user634,passwd634
f635,l635,user635,passwd635
f636,l636,user636,passwd636
f637,l637,user637,passwd637
f638,l638,user638,passwd638
f639,l639,user639,passwd639
f640,l640,user640,passwd640
f641,l641,user641,passwd641
f642,l642,user642,passwd642
f643,l643,user643,passwd643
f644,l644,user644,passwd644
f645,l645,user645,passwd645
f646,l646,user646,passwd646
f647,l647,user647,passwd647
f648,l648,user648,passwd648
f649,l649,user649,passwd649
f650,l650,user650,passwd650
f651,l651,user651,passwd651
f652,l652,user652,passwd652
f653,l653,user653,passwd653
f654,l654,user654,passwd654
f655,l655,user655,passwd655
f656,l656,user656,passwd656
f657,l657,user657,passwd657
f658,l658,user658,passwd658
f659,l659,user659,passwd659
f660,l660,user660,passwd660
f661,l661,user661,passwd661
f662,l662,user662,passwd662
f663,l663,user663,passwd663
f664,l664,user664,passwd664
f665,l665,user665,passwd665
f666,l666,user666,passwd666
f667,l667,user667,passwd667
f668,l668,user668,passwd668
f669,l669,user669,passwd669
f670,l670,user670,passwd670
f671,l671,user671,passwd671
f672,l672,user672,passwd672
f673,l673,user673,passwd673
f674,l674,user674,passwd674
f675,l675,user675,passwd675
f676,l676,user676,passwd676
f677,l677,user677,passwd677
f678,l678,user678,passwd678
f679,l679,user679,passwd679
f680,l680,user680,passwd680
f681,l681,user681,passwd681
f682,l682,user682,passwd682
f683,l683,user683,passwd683
f684,l684,user684,passwd684
f685,l685,user685,passwd685
f686,l686,user686,passwd686
f687,l687,user687,passwd687
f688,l688,user688,passwd688
f689,l689,user689,passwd689
f690,l690,user690,passwd690
f691,l691,user691,passwd691
f692,l692,user692,passwd692
f693,l693,user693,passwd693
f694,l694,user694,passwd694
f695,l695,user695,passwd695
f696,l696,user696,passwd696
f697,l697,user697,passwd697
f698,l698,user698,passwd698
f699,l699,user699,passwd699
f700,l700,user700,passwd700
f701,l701,user701,passwd701
f702,l702,user702,passwd702
f703,l703,user703,passwd703
f704,l704,user704,passwd704
f705,l705,user705,passwd705
f706,l706,user706,passwd706
f707,l707,user707,passwd707
f708,l708,user708,passwd708
f709,l709,user709,passwd709
f710,l710,user710,passwd710
f711,l711,user711,passwd711
f712,l712,user712,passwd712
f713,l713,user713,passwd713
f714,l714,user714,passwd714
f715,l715,user715,passwd715
f716,l716,user716,passwd716
f717,l717,user717,passwd717
f718,l718,user718,passwd718
f719,l719,user719,passwd719
f720,l720,user720,passwd720
f721,l721,user721,passwd721
f722,l722,user722,passwd722
f723,l723,user723,passwd723
f724,l724,user724,passwd724
f725,l725,user725,passwd725
f726,l726,user726,passwd726
f727,l727,user727,passwd727
f728,l728,user728,passwd728
f729,l729,user729,passwd729
f730,l730,user730,passwd730
f731,l731,user731,passwd731
f732,l732,user732,passwd732
f733,l733,user733,passwd733
f734,l734,user734,passwd734
f735,l735,user735,passwd735
f736,l736,user736,passwd736
f737,l737,user737,passwd737
f738,l738,user738,passwd738
f739,l739,user739,passwd739
f740,l740,user740,passwd740
f741,l741,user741,passwd741
f742,l742,user742,passwd742
f743,l743,user743,passwd743
f744,l744,user744,passwd744
f745,l745,user745,passwd745
f746,l746,user746,passwd746
f747,l747,user747,passwd747
f748,l748,user748,passwd748
f749,l749,user749,passwd749
f750,l750,user750,passwd750
f751,l751,user751,passwd751
f752,l752,user752,passwd752
f753,l753,user753,passwd753
f754,l754,user754,passwd754
f755,l755,user755,passwd755
f756,l756,user756,passwd756
f757,l757,user757,passwd757
f758,l758,user758,passwd758
f759,l759,user759,passwd759
f760,l760,user760,passwd760
f761,l761,user761,passwd761
f762,l762,user762,passwd762
f763,l763,user763,passwd763
f764,l764,user764,passwd764
f765,l765,user765,passwd765
f766,l766,user766,passwd766
f767,l767,user767,passwd767
f768,l768,user768,passwd768
f769,l769,user769,passwd769
f770,l770,user770,passwd770
f771,l771,user771,passwd771
f772,l772,user772,passwd772
f773,l773,user773,passwd773
f774,l774,user774,passwd774
f775,l775,user775,passwd775
f776,l776,user776,passwd776
f777,l777,user777,passwd777
f778,l778,user778,passwd778
f779,l779,user779,passwd779
f780,l780,user780,passwd780
f781,l781,user781,passwd781
f782,l782,user782,passwd782
f783,l783,user783,passwd783
f784,l784,user784,passwd784
f785,l785,user785,passwd785
f786,l786,user786,passwd786
f787,l787,user787,passwd787
f788,l788,user788,passwd788
f789,l789,user789,passwd789
f790,l790,user790,passwd790
f791,l791,user791,passwd791
f792,l792,user792,passwd792
f793,l793,user793,passwd793
f794,l794,user794,passwd794
f795,l795,user795,passwd795
f796,l796,user796,passwd796
f797,l797,user797,passwd797
f798,l798,user798,passwd798
f799,l799,user799,passwd799
f800,l800,user800,passwd800
f801,l801,user801,passwd801
f802,l802,user802,passwd802
f803,l803,user803,passwd803
f804,l804,user804,passwd804
f805,l805,user805,passwd805
f806,l806,user806,passwd806
f807,l807,user807,passwd807
f808,l808,user808,passwd808
f809,l809,user809,passwd809
f810,l810,user810,passwd810
f811,l811,user811,passwd811
f812,l812,user812,passwd812
f813,l813,user813,passwd813
f814,l814,user814,passwd814
f815,l815,user815,passwd815
f816,l816,user816,passwd816
f817,l817,user817,passwd817
f818,l818,user818,passwd818
f819,l819,user819,passwd819
f820,l820,user820,passwd820
f821,l821,user821,passwd821
f822,l822,user822,passwd822
f823,l823,user823,passwd823
f824,l824,user824,passwd824
f825,l825,user825,passwd825
f826,l826,user826,passwd826
f827,l827,user827,passwd827
f828,l828,user828,passwd828
f829,l829,user829,passwd829
f830,l830,user830,passwd830
f831,l831,user831,passwd831
f832,l832,user832,passwd832
f833,l833,user833,passwd833
f834,l834,user834,passwd834
f835,l835,user835,passwd835
f836,l836,user836,passwd836
f837,l837,user837,passwd837
f838,l838,user838,passwd838
f839,l839,user839,passwd839
f840,l840,user840,passwd840
f841,l841,user841,passwd841
f842,l842,user842,passwd842
f843,l843,user843,passwd843
f844,l844,user844,passwd844
f845,l845,user845,passwd845
f846,l846,user846,passwd846
f847,l847,user847,passwd847
f848,l848,user848,passwd848
f849,l849,user849,passwd849
f850,l850,user850,passwd850
f851,l851,user851,passwd851
f852,l852,user852,passwd852
f853,l853,user853,passwd853
f854,l854,user854,passwd854
f855,l855,user855,passwd855
f856,l856,user856,passwd856
f857,l857,user857,passwd857
f858,l858,user858,passwd858
f859,l859,user859,passwd859
f860,l860,user860,passwd860
f861,l861,user861,passwd861
f862,l862,user862,passwd862
f863,l863,user863,passwd863
f864,l864,user864,passwd864
f865,l865,user865,passwd865
f866,l866,user866,passwd866
f867,l867,user867,passwd867
f868,l868,user868,passwd868
f869,l869,user869,passwd869
f870,l870,user870,passwd870
f871,l871,user871,passwd871
f872,l872,user872,passwd872
f873,l873,user873,passwd873
f874,l874,user874,passwd874
f875,l875,user875,passwd875
f876,l876,user876,passwd876
f877,l877,user877,passwd877
f878,l878,user878,passwd878
f879,l879,user879,passwd879
f880,l880,user880,passwd880
f881,l881,user881,passwd881
f882,l882,user882,passwd882
f883,l883,user883,passwd883
f884,l884,user884,passwd884
f885,l885,user885,passwd885
f886,l886,user886,passwd886
f887,l887,user887,passwd887
f888,l888,user888,passwd888
f889,l889,user889,passwd889
f890,l890,user890,passwd890
f891,l891,user891,passwd891
f892,l892,user892,passwd892
f893,l893,user893,passwd893
f894,l894,user894,passwd894
f895,l895,user895,passwd895
f896,l896,user896,passwd896
f897,l897,user897,passwd897
f898,l898,user898,passwd898
f899,l899,user899,passwd899
f900,l900,user900,passwd900
f901,l901,user901,passwd901
f902,l902,user902,passwd902
f903,l903,user903,passwd903
f904,l904,user904,passwd904
f905,l905,user905,passwd905
f906,l906,user906,passwd906
f907,l907,user907,passwd907
f908,l908,user908,passwd908
f909,l909,user909,passwd909
f910,l910,user910,passwd910
f911,l911,user911,passwd911
f912,l912,user912,passwd912
f913,l913,user913,passwd913
f914,l914,user914,passwd914
f915,l915,user915,passwd915
f916,l916,user916,passwd916
f917,l917,user917,passwd917
f918,l918,user918,passwd918
f919,l919,user919,passwd919
f920,l920,user920,passwd920
f921,l921,user921,passwd921
f922,l922,user922,passwd922
f923,l923,user923,passwd923
f924,l924,user924,passwd924
f925,l925,user925,passwd925
f926,l926,user926,passwd926
f927,l927,user927,passwd927
f928,l928,user928,passwd928
f929,l929,user929,passwd929
f930,l930,user930,passwd930
f931,l931,user931,passwd931
f932,l932,user932,passwd932
f933,l933,user933,passwd933
f934,l934,user934,passwd934
f935,l935,user935,passwd935
f936,l936,user936,passwd936
f937,l937,user937,passwd937
f938,l938,user938,passwd938
f939,l939,user939,passwd939
f940,l940,user940,passwd940
f941,l941,user941,passwd941
f942,l942,user942,passwd942
f943,l943,user943,passwd943
f944,l944,user944,passwd944
f945,l945,user945,passwd945
f946,l946,user946,passwd946
f947,l947,user947,passwd947
f948,l948,user948,passwd948
f949,l949,user949,passwd949
f950,l950,user950,passwd950
f951,l951,user951,passwd951
f952,l952,user952,passwd952
f953,l953,user953,passwd953
f954,l954,user954,passwd954
f955,l955,user955,passwd955
f956,l956,user956,passwd956
f957,l957,user957,passwd957
f958,l958,user958,passwd958
f959,l959,user959,passwd959
f960,l960,user960,passwd960
f961,l961,user961,passwd961
f962,l962,user962,passwd962
f963,l963,user963,passwd963
f964,l964,user964,passwd964
f965,l965,user965,passwd965
f966,l966,user966,passwd966
f967,l967,user967,passwd967
f968,l968,user968,passwd968
f969,l969,user969,passwd969
f970,l970,user970,passwd970
f971,l971,user971,passwd971
f972,l972,user972,passwd972
f973,l973,user973,passwd973
f974,l974,user974,passwd974
f975,l975,user975,passwd975
f976,l976,user976,passwd976
f977,l977,user977,passwd977
f978,l978,user978,passwd978
f979,l979,user979,passwd979
f980,l980,user980,passwd980
f981,l981,user981,passwd981
f982,l982,user982,passwd982
f983,l983,user983,passwd983
f984,l984,user984,passwd984
f985,l985,user985,passwd985
f986,l986,user986,passwd986
f987,l987,user987,passwd987
f988,l988,user988,passwd988
f989,l989,user989,passwd989
f990,l990,user990,passwd990
f991,l991,user991,passwd991
f992,l992,user992,passwd992
f993,l993,user993,passwd993
f994,l994,user994,passwd994
f995,l995,user995,passwd995
f996,l996,user996,passwd996
f997,l997,user997,passwd997
f998,l998,user998,passwd998
f999,l999,user999,passwd999
f1000,l1000,user1000,passwd1000